rank,name,postcode,address,rating,reviewCount,removedRange,removedMin,removedMax,removedEstimate,deletionRatioPct,realRatingAdjusted,removedText,url
1,Wacht am Rhein,51371,,4,2695,über 250,250,,300,10.02,3.699,Über 250 Bewertungen aufgrund von Beschwerden wegen Diffamierung entfernt.,https://www.google.com/maps/place/Wacht+am+Rhein/data=!4m7!3m6!1s0x47bf2ef5a1ad4c4f:0xfb2fe288cc9425cf!8m2!3d51.031939!4d6.968984!16s%2Fg%2F1tmpjnh5!19sChIJT0ytofUuv0cRzyWUzIjiL_s?authuser=0&hl=de&rclk=1
2,Classic Hotel Harmonie,51375,,4.5,944,über 250,250,,300,24.12,3.656,Über 250 Bewertungen aufgrund von Beschwerden wegen Diffamierung entfernt.,https://www.google.com/maps/place/Classic+Hotel+Harmonie/data=!4m10!3m9!1s0x47bf25a46107e7bd:0x1ca9e94880b1fc3d!5m2!4m1!1i2!8m2!3d50.9452736!4d6.9544187!16s%2Fg%2F1tfpnv7p!19sChIJvecHYaQlv0cRPfyxgEjpqRw?authuser=0&hl=de&rclk=1
3,Leoso Hotel Leverkusen,51371,,4,899,über 250,250,,300,25.02,3.249,Über 250 Bewertungen aufgrund von Beschwerden wegen Diffamierung entfernt.,https://www.google.com/maps/place/Leoso+Hotel+Leverkusen/data=!4m10!3m9!1s0x47bf2e9483eef2ef:0x8105706f9008d05f!5m2!4m1!1i2!8m2!3d51.0357255!4d6.9884376!16s%2Fg%2F11fxfw4zn8!19sChIJ7_Lug5Quv0cRX9AIkG9wBYE?authuser=0&hl=de&rclk=1
4,Restaurant Hoettche,51371,,4.6,807,201–250,201,250,225.5,21.84,3.814,201 bis 250 Bewertungen aufgrund von Beschwerden wegen Diffamierung entfernt.,https://www.google.com/maps/place/Restaurant+Hoettche/data=!4m10!3m9!1s0x47bf339acfabefb5:0x21477d839266ef21!5m2!4m1!1i2!8m2!3d51.0965347!4d6.8384146!16s%2Fg%2F1tfp1lkk!19sChIJte-rz5ozv0cRIe9mkoN9RyE?authuser=0&hl=de&rclk=1
5,Steakhouse La Plaza,51379,,4.8,2367,151–200,151,200,175.5,6.9,4.538,151 bis 200 Bewertungen aufgrund von Beschwerden wegen Diffamierung entfernt.,https://www.google.com/maps/place/Steakhouse+La+Plaza/data=!4m7!3m6!1s0x47bf2c17fdf888f5:0xb41fe70bbc1b236e!8m2!3d51.0640424!4d7.0017323!16s%2Fg%2F11b5yzw0b8!19sChIJ9Yj4_Rcsv0cRbiMbvAvnH7Q?authuser=0&hl=de&rclk=1
6,Brauhaus Janes,51371,,4.6,973,151–200,151,200,175.5,15.28,4.05,151 bis 200 Bewertungen aufgrund von Beschwerden wegen Diffamierung entfernt.,https://www.google.com/maps/place/Brauhaus+Janes/data=!4m7!3m6!1s0x47bf2ea326fae9d7:0x7bb91790a983d15f!8m2!3d51.0441484!4d7.0005028!16s%2Fg%2F1tlbhpxn!19sChIJ1-n6JqMuv0cRX9GDqZAXuXs?authuser=0&hl=de&rclk=1
7,Hepsi - Markt Leverkusen,51371,,4.6,964,101–150,101,150,125.5,11.52,4.185,101 bis 150 Bewertungen aufgrund von Beschwerden wegen Diffamierung entfernt.,https://www.google.com/maps/place/Hepsi+-+Markt+Leverkusen/data=!4m7!3m6!1s0x47bf2f6c20c0c319:0xcb72931b5c817773!8m2!3d51.0461225!4d6.9936453!16s%2Fg%2F11g0v_s_4g!19sChIJGcPAIGwvv0cRc3eBXBuTcss?authuser=0&hl=de&rclk=1
8,Wiesdorfer Grill Inh. Nikolaos Papageorgiou,51371,,4.6,332,101–150,101,150,125.5,27.43,3.612,101 bis 150 Bewertungen aufgrund von Beschwerden wegen Diffamierung entfernt.,https://www.google.com/maps/place/Wiesdorfer+Grill+Inh.+Nikolaos+Papageorgiou/data=!4m7!3m6!1s0x47bf2eed0b4b7253:0x73f6b0084064a345!8m2!3d51.0315074!4d6.981948!16s%2Fg%2F1tf_06lv!19sChIJU3JLC-0uv0cRRaNkQAiw9nM?authuser=0&hl=de&rclk=1
9,Pagode Wang,51371,,4.3,1377,51–100,51,100,75.5,5.2,4.128,51 bis 100 Bewertungen aufgrund von Beschwerden wegen Diffamierung entfernt.,https://www.google.com/maps/place/Pagode+Wang/data=!4m7!3m6!1s0x47bf2c043acb9035:0xafdf30fa605a3b6d!8m2!3d51.059707!4d7.0196924!16s%2Fg%2F1td2t0ld!19sChIJNZDLOgQsv0cRbTtaYPow368?authuser=0&hl=de&rclk=1
10,Klinikum Leverkusen,51375,,3.4,913,51–100,51,100,75.5,7.64,3.217,51 bis 100 Bewertungen aufgrund von Beschwerden wegen Diffamierung entfernt.,https://www.google.com/maps/place/Klinikum+Leverkusen/data=!4m7!3m6!1s0x47bf2948128a4c9d:0xa30618dd34d17da8!8m2!3d51.0324496!4d7.0331031!16s%2Fg%2F120x5drc!19sChIJnUyKEkgpv0cRqH3RNN0YBqM?authuser=0&hl=de&rclk=1
11,ATU Leverkusen - Manfort,51377,,3.9,806,51–100,51,100,75.5,8.56,3.652,51 bis 100 Bewertungen aufgrund von Beschwerden wegen Diffamierung entfernt.,https://www.google.com/maps/place/ATU+Leverkusen+-+Manfort/data=!4m7!3m6!1s0x47bf2ecce55ca62d:0xc0dbc28b1890101e!8m2!3d51.0246!4d7.01591!16s%2Fg%2F1tjcnl7w!19sChIJLaZc5cwuv0cRHhCQGIvC28A?authuser=0&hl=de&rclk=1
12,Gallodini Leverkusen,51371,,4.6,681,51–100,51,100,75.5,9.98,4.241,51 bis 100 Bewertungen aufgrund von Beschwerden wegen Diffamierung entfernt.,https://www.google.com/maps/place/Gallodini+Leverkusen/data=!4m7!3m6!1s0x47bf2d34a1c14557:0xd91ba6b44655915b!8m2!3d51.0642282!4d7.0112994!16s%2Fg%2F11nn092s4j!19sChIJV0XBoTQtv0cRW5FVRrSmG9k?authuser=0&hl=de&rclk=1
13,Malteser Komturei / Hotel / Restaurant / Café,51375,,4.6,595,51–100,51,100,75.5,11.26,4.195,51 bis 100 Bewertungen aufgrund von Beschwerden wegen Diffamierung entfernt.,https://www.google.com/maps/place/Malteser+Komturei+%2F+Hotel+%2F+Restaurant+%2F+Caf%C3%A9/data=!4m10!3m9!1s0x47bed6fbeae6675b:0x275197fa2fe13cb2!5m2!4m1!1i2!8m2!3d51.0070479!4d7.1806175!16s%2Fg%2F120p4hj2!19sChIJW2fm6vvWvkcRsjzhL_qXUSc?authuser=0&hl=de&rclk=1
14,Restaurant Haus am Park,51371,,4.7,460,51–100,51,100,75.5,14.1,4.178,51 bis 100 Bewertungen aufgrund von Beschwerden wegen Diffamierung entfernt.,https://www.google.com/maps/place/Restaurant+Haus+am+Park/data=!4m7!3m6!1s0x47bf2eb9a0dc11a9:0x76ee67ff5b0999cb!8m2!3d51.0361608!4d7.0047066!16s%2Fg%2F1tf236jj!19sChIJqRHcoLkuv0cRy5kJW_9n7nY?authuser=0&hl=de&rclk=1
15,Akdeniz Grill - Döner & Pizza,51371,,4.4,418,51–100,51,100,75.5,15.3,3.88,51 bis 100 Bewertungen aufgrund von Beschwerden wegen Diffamierung entfernt.,https://www.google.com/maps/place/Akdeniz+Grill+-+D%C3%B6ner+%26+Pizza/data=!4m7!3m6!1s0x47bf2eeafb5a4df3:0x7bd3364822163822!8m2!3d51.0314427!4d6.9906792!16s%2Fg%2F1ptzkcd2d!19sChIJ801a--ouv0cRIjgWIkg203s?authuser=0&hl=de&rclk=1
16,Pizzaboy Leverkusen-Manfort,51371,,4.4,392,51–100,51,100,75.5,16.15,3.851,51 bis 100 Bewertungen aufgrund von Beschwerden wegen Diffamierung entfernt.,https://www.google.com/maps/place/Pizzaboy+Leverkusen-Manfort/data=!4m7!3m6!1s0x47bf2ec64a6f4297:0xf869f93a371c37d5!8m2!3d51.0297089!4d7.0047189!16s%2Fg%2F1thpvzpq!19sChIJl0JvSsYuv0cR1TccNzr5afg?authuser=0&hl=de&rclk=1
17,Eiscafé Minini,51371,,4.2,287,51–100,51,100,75.5,20.83,3.534,51 bis 100 Bewertungen aufgrund von Beschwerden wegen Diffamierung entfernt.,https://www.google.com/maps/place/Eiscaf%C3%A9+Minini/data=!4m7!3m6!1s0x47bf2eeca88fb0bf:0x41cd3329016fe3d7!8m2!3d51.032733!4d6.987653!16s%2Fg%2F1tf74npz!19sChIJv7CPqOwuv0cR1-NvASkzzUE?authuser=0&hl=de&rclk=1
18,Chocolate Haus,51371,,4.8,251,51–100,51,100,75.5,23.12,3.921,51 bis 100 Bewertungen aufgrund von Beschwerden wegen Diffamierung entfernt.,https://www.google.com/maps/place/Chocolate+Haus/data=!4m7!3m6!1s0x47bf2fac1ace9021:0xcc92e38deef3160e!8m2!3d51.0325259!4d6.9864687!16s%2Fg%2F11s530c5q6!19sChIJIZDOGqwvv0cRDhbz7o3jksw?authuser=0&hl=de&rclk=1
19,Pizza Cab Leverkusen,51371,,4.6,66,51–100,51,100,75.5,53.36,2.679,51 bis 100 Bewertungen aufgrund von Beschwerden wegen Diffamierung entfernt.,https://www.google.com/maps/place/Pizza+Cab+Leverkusen/data=!4m7!3m6!1s0x47bf2d973b46cc19:0xc07bf5274be7122!8m2!3d51.0602348!4d7.0248673!16s%2Fg%2F11wp75nhdx!19sChIJGcxGO5ctv0cRInG-dFK_Bww?authuser=0&hl=de&rclk=1
20,OSTERMANN Einrichtungs-Centrum Leverkusen,51371,,4.6,1619,21–50,21,50,35.5,2.15,4.523,21 bis 50 Bewertungen aufgrund von Beschwerden wegen Diffamierung entfernt.,https://www.google.com/maps/place/OSTERMANN+Einrichtungs-Centrum+Leverkusen/data=!4m7!3m6!1s0x47bf2ee990bae517:0x8ccec1e61d1ccda6!8m2!3d51.0273273!4d6.9894569!16s%2Fg%2F1wk7p_gk!19sChIJF-W6kOkuv0cRps0cHebBzow?authuser=0&hl=de&rclk=1
21,Eiscafé MININI Schlebusch,51371,,4.6,683,21–50,21,50,35.5,4.94,4.422,21 bis 50 Bewertungen aufgrund von Beschwerden wegen Diffamierung entfernt.,https://www.google.com/maps/place/Eiscaf%C3%A9+MININI+Schlebusch/data=!4m7!3m6!1s0x47bf296a30ee4d6b:0x80a48981a951393f!8m2!3d51.0342777!4d7.0498327!16s%2Fg%2F11b75n__g7!19sChIJa03uMGopv0cRPzlRqYGJpIA?authuser=0&hl=de&rclk=1
22,"Hotel + Restaurant Am Fuhrkamp, Langenfeld Rheinland",51371,,4.5,600,21–50,21,50,35.5,5.59,4.304,21 bis 50 Bewertungen aufgrund von Beschwerden wegen Diffamierung entfernt.,"https://www.google.com/maps/place/Hotel+%2B+Restaurant+Am+Fuhrkamp,+Langenfeld+Rheinland/data=!4m10!3m9!1s0x47bf32987ea99fb3:0x2f9509b2c909b9f!5m2!4m1!1i2!8m2!3d51.1208173!4d6.9262043!16s%2Fg%2F1vl5fxt0!19sChIJs5-pfpgyv0cRn5uQLJtQ-QI?authuser=0&hl=de&rclk=1"
23,Cafe Extrablatt Monheim,51371,,4.5,565,21–50,21,50,35.5,5.91,4.293,21 bis 50 Bewertungen aufgrund von Beschwerden wegen Diffamierung entfernt.,https://www.google.com/maps/place/Cafe+Extrablatt+Monheim/data=!4m7!3m6!1s0x47bf332060c6de51:0xefa018a9c1a6a6f2!8m2!3d51.0903844!4d6.8888975!16s%2Fg%2F11tdchssnw!19sChIJUd7GYCAzv0cR8qamwakYoO8?authuser=0&hl=de&rclk=1
24,Café Herzhaft,51371,,4.8,434,21–50,21,50,35.5,7.56,4.513,21 bis 50 Bewertungen aufgrund von Beschwerden wegen Diffamierung entfernt.,https://www.google.com/maps/place/Caf%C3%A9+Herzhaft/data=!4m7!3m6!1s0x47bf2da5b5916021:0xf53ee3479c7e619c!8m2!3d51.0705801!4d6.9984793!16s%2Fg%2F11jpmp2kc2!19sChIJIWCRtaUtv0cRnGF-nEfjPvU?authuser=0&hl=de&rclk=1
25,Via Gusto Ristorante & Pizzeria,51375,,4.7,418,21–50,21,50,35.5,7.83,4.41,21 bis 50 Bewertungen aufgrund von Beschwerden wegen Diffamierung entfernt.,https://www.google.com/maps/place/Via+Gusto+Ristorante+%26+Pizzeria/data=!4m7!3m6!1s0x47bf296a42938b05:0x480ba3d83c98d7b4!8m2!3d51.0333838!4d7.0485747!16s%2Fg%2F1thvrv13!19sChIJBYuTQmopv0cRtNeYPNijC0g?authuser=0&hl=de&rclk=1
26,Aiko Sushi & Grill,51371,,4.8,368,21–50,21,50,35.5,8.8,4.466,21 bis 50 Bewertungen aufgrund von Beschwerden wegen Diffamierung entfernt.,https://www.google.com/maps/place/Aiko+Sushi+%26+Grill/data=!4m7!3m6!1s0x47bf295c84c41c5b:0x7beba290c6947c64!8m2!3d51.0335377!4d7.0222877!16s%2Fg%2F11ty10_ltt!19sChIJWxzEhFwpv0cRZHyUxpCi63s?authuser=0&hl=de&rclk=1
27,Bierbörse ®,51373,,4.7,339,21–50,21,50,35.5,9.48,4.349,21 bis 50 Bewertungen aufgrund von Beschwerden wegen Diffamierung entfernt.,https://www.google.com/maps/place/Bierb%C3%B6rse+%C2%AE/data=!4m7!3m6!1s0x47bf2d8ece7b52c1:0x5242a6a8a4f0bc23!8m2!3d51.0685484!4d6.9941608!16s%2Fg%2F11fcqd_6bk!19sChIJwVJ7zo4tv0cRI7zwpKimQlI?authuser=0&hl=de&rclk=1
28,Pizzeria Neapel Leverkusen,51371,,4.7,338,21–50,21,50,35.5,9.5,4.348,21 bis 50 Bewertungen aufgrund von Beschwerden wegen Diffamierung entfernt.,https://www.google.com/maps/place/Pizzeria+Neapel+Leverkusen/data=!4m7!3m6!1s0x47bf2c0f1648be25:0x16186dbe0689dc94!8m2!3d51.0648258!4d7.0200137!16s%2Fg%2F1tnsr1mf!19sChIJJb5IFg8sv0cRlNyJBr5tGBY?authuser=0&hl=de&rclk=1
29,Hotel Garni Emir,51375,,3.4,266,21–50,21,50,35.5,11.77,3.117,21 bis 50 Bewertungen aufgrund von Beschwerden wegen Diffamierung entfernt.,https://www.google.com/maps/place/Hotel+Garni+Emir/data=!4m10!3m9!1s0x47bf25a22d893d4f:0xcd1e22250d3fcb77!5m2!4m1!1i2!8m2!3d50.9493092!4d6.9538916!16s%2Fg%2F11b73hh11k!19sChIJTz2JLaIlv0cRd8s_DSUiHs0?authuser=0&hl=de&rclk=1
30,Pizzeria Bella,51371,,4.8,249,21–50,21,50,35.5,12.48,4.326,21 bis 50 Bewertungen aufgrund von Beschwerden wegen Diffamierung entfernt.,https://www.google.com/maps/place/Pizzeria+Bella/data=!4m7!3m6!1s0x47bf2de85bfd8b81:0x2a82c0528f425f03!8m2!3d51.0694742!4d6.9471085!16s%2Fg%2F1tqf_gk4!19sChIJgYv9W-gtv0cRA19Cj1LAgio?authuser=0&hl=de&rclk=1
31,Haven Hotels - Hotel Am Stadion,51371,,4.1,245,21–50,21,50,35.5,12.66,3.708,21 bis 50 Bewertungen aufgrund von Beschwerden wegen Diffamierung entfernt.,https://www.google.com/maps/place/Haven+Hotels+-+Hotel+Am+Stadion/data=!4m10!3m9!1s0x47bf2ea3269ae415:0x6ca21979eaf17e1d!5m2!4m1!1i2!8m2!3d51.0440021!4d7.0004183!16s%2Fg%2F1hd_7bd3t!19sChIJFeSaJqMuv0cRHX7x6nkZomw?authuser=0&hl=de&rclk=1
32,Fliegerhütte by FloGourmet,51371,,4.8,234,21–50,21,50,35.5,13.17,4.299,21 bis 50 Bewertungen aufgrund von Beschwerden wegen Diffamierung entfernt.,https://www.google.com/maps/place/Fliegerh%C3%BCtte+by+FloGourmet/data=!4m7!3m6!1s0x47bf2f186abe7ca9:0xe454868cbe8b6b89!8m2!3d51.0167964!4d7.0067878!16s%2Fg%2F11y2w8yk08!19sChIJqXy-ahgvv0cRiWuLvoyGVOQ?authuser=0&hl=de&rclk=1
33,Café Nöres - Leverkusen,51371,,4.6,210,21–50,21,50,35.5,14.46,4.079,21 bis 50 Bewertungen aufgrund von Beschwerden wegen Diffamierung entfernt.,https://www.google.com/maps/place/Caf%C3%A9+N%C3%B6res+-+Leverkusen/data=!4m7!3m6!1s0x47bf2c3d8a05bfa7:0x48d2d68b48b5cc16!8m2!3d51.0677515!4d7.002654!16s%2Fg%2F1tf9xk7z!19sChIJp78Fij0sv0cRFsy1SIvW0kg?authuser=0&hl=de&rclk=1
34,Elite Friseur,51371,,4.6,161,21–50,21,50,35.5,18.07,3.95,21 bis 50 Bewertungen aufgrund von Beschwerden wegen Diffamierung entfernt.,https://www.google.com/maps/place/Elite+Friseur/data=!4m7!3m6!1s0x4171900d2fae7209:0x4cf2fbf7a43b8c7a!8m2!3d51.0315569!4d6.9899008!16s%2Fg%2F1v44d2zw!19sChIJCXKuLw2QcUEReow7pPf78kw?authuser=0&hl=de&rclk=1
35,Hautarzt Ludger UEBERHORST & Dr.med. Kirsten CIRÉ - Dermatologie - Allergologie,51375,,4.6,148,21–50,21,50,35.5,19.35,3.904,21 bis 50 Bewertungen aufgrund von Beschwerden wegen Diffamierung entfernt.,https://www.google.com/maps/place/Hautarzt+Ludger+UEBERHORST+%26+Dr.med.+Kirsten+CIR%C3%89+-+Dermatologie+-+Allergologie/data=!4m7!3m6!1s0x47bf2969ee174a21:0x61d3fdea4a517e7d!8m2!3d51.0358848!4d7.0487294!16s%2Fg%2F1tdjq8lp!19sChIJIUoX7mkpv0cRfX5RSur902E?authuser=0&hl=de&rclk=1
36,SMARTY Leichlingen-Cologne Hotel | Boardinghouse,51371,,3.8,147,21–50,21,50,35.5,19.45,3.255,21 bis 50 Bewertungen aufgrund von Beschwerden wegen Diffamierung entfernt.,https://www.google.com/maps/place/SMARTY+Leichlingen-Cologne+Hotel+%7C+Boardinghouse/data=!4m10!3m9!1s0x47bf2c8d5987d7f7:0xe2f1e054ba42704!5m2!4m1!1i2!8m2!3d51.10514!4d7.01309!16s%2Fg%2F11g0mv7gsg!19sChIJ99eHWY0sv0cRBCekSwUeLw4?authuser=0&hl=de&rclk=1
37,Sushi Palace Leverkusen,51371,,4,138,21–50,21,50,35.5,20.46,3.386,21 bis 50 Bewertungen aufgrund von Beschwerden wegen Diffamierung entfernt.,https://www.google.com/maps/place/Sushi+Palace+Leverkusen/data=!4m7!3m6!1s0x47bf2d6603efe3c9:0x6ccf84fa4ed6138c!8m2!3d51.0665003!4d7.0000109!16s%2Fg%2F11js7r54p8!19sChIJyePvA2Ytv0cRjBPWTvqEz2w?authuser=0&hl=de&rclk=1
38,Daddy's Pizza Leverkusen,51379,,4.8,101,21–50,21,50,35.5,26.01,3.812,21 bis 50 Bewertungen aufgrund von Beschwerden wegen Diffamierung entfernt.,https://www.google.com/maps/place/Daddy%27s+Pizza+Leverkusen/data=!4m7!3m6!1s0x47bf2d1775c49823:0x7e81c0f5245f825e!8m2!3d51.0677898!4d7.0181332!16s%2Fg%2F11tdl6vx32!19sChIJI5jEdRctv0cRXoJfJPXAgX4?authuser=0&hl=de&rclk=1
39,Hotel-Pension Schlafpunkt GmbH - Leverkusen,51371,,4.7,79,21–50,21,50,35.5,31,3.553,21 bis 50 Bewertungen aufgrund von Beschwerden wegen Diffamierung entfernt.,https://www.google.com/maps/place/Hotel-Pension+Schlafpunkt+GmbH+-+Leverkusen/data=!4m10!3m9!1s0x47bf2c06c5a01e59:0xb6b91425cdf68bbd!5m2!4m1!1i2!8m2!3d51.0584468!4d7.0225473!16s%2Fg%2F1tg9rt_2!19sChIJWR6gxQYsv0cRvYv2zSUUubY?authuser=0&hl=de&rclk=1
40,THE CLOUTH,51373,,4.4,57,21–50,21,50,35.5,38.38,3.095,21 bis 50 Bewertungen aufgrund von Beschwerden wegen Diffamierung entfernt.,https://www.google.com/maps/place/THE+CLOUTH/data=!4m10!3m9!1s0x47bf2584676fd8ed:0xaaa2c895c3cf9e22!5m2!4m1!1i2!8m2!3d50.9649974!4d6.9598665!16s%2Fg%2F11w8twt918!19sChIJ7dhvZ4Qlv0cRIp7Pw5XIoqo?authuser=0&hl=de&rclk=1
41,Hotel Solinger Hof,51381,,3.9,45,21–50,21,50,35.5,44.1,2.621,21 bis 50 Bewertungen aufgrund von Beschwerden wegen Diffamierung entfernt.,https://www.google.com/maps/place/Hotel+Solinger+Hof/data=!4m10!3m9!1s0x47b8d4f38cf6eb5d:0x7df0c87919bca27f!5m2!4m1!1i2!8m2!3d51.1699167!4d7.0860672!16s%2Fg%2F1tfpnst6!19sChIJXev2jPPUuEcRf6K8GXnI8H0?authuser=0&hl=de&rclk=1
42,Der Grieche,51381,,4.7,848,11–20,11,20,15.5,1.8,4.634,11 bis 20 Bewertungen aufgrund von Beschwerden wegen Diffamierung entfernt.,https://www.google.com/maps/place/Der+Grieche/data=!4m7!3m6!1s0x47bf2a0d9adba9c7:0x8d9a7260a6b0a035!8m2!3d51.0643053!4d7.1219238!16s%2Fg%2F1tm1plpt!19sChIJx6nbmg0qv0cRNaCwpmBymo0?authuser=0&hl=de&rclk=1
43,Suki,51371,,4.9,359,11–20,11,20,15.5,4.14,4.739,11 bis 20 Bewertungen aufgrund von Beschwerden wegen Diffamierung entfernt.,https://www.google.com/maps/place/Suki/data=!4m7!3m6!1s0x47bf2c181ff060c7:0xa3e0ec2abbb95264!8m2!3d51.0646779!4d7.0009807!16s%2Fg%2F1xn_mjgw!19sChIJx2DwHxgsv0cRZFK5uyrs4KM?authuser=0&hl=de&rclk=1
44,Cafe im Dorf,51371,,4.4,358,11–20,11,20,15.5,4.15,4.259,11 bis 20 Bewertungen aufgrund von Beschwerden wegen Diffamierung entfernt.,https://www.google.com/maps/place/Cafe+im+Dorf/data=!4m7!3m6!1s0x47bf296a323f2215:0xf4bce7e8c77705c1!8m2!3d51.0341379!4d7.0501553!16s%2Fg%2F1tdd4dg7!19sChIJFSI_Mmopv0cRwQV3x-jnvPQ?authuser=0&hl=de&rclk=1
45,Hotel BÜRGERHOF,51371,,4.4,276,11–20,11,20,15.5,5.32,4.219,11 bis 20 Bewertungen aufgrund von Beschwerden wegen Diffamierung entfernt.,https://www.google.com/maps/place/Hotel+B%C3%9CRGERHOF/data=!4m10!3m9!1s0x47bf2f745d748595:0xa9c4353f14872729!5m2!4m1!1i2!8m2!3d50.9900398!4d6.9616643!16s%2Fg%2F11b73l5pxy!19sChIJlYV0XXQvv0cRKSeHFD81xKk?authuser=0&hl=de&rclk=1
46,Invictus Physiotherapie Leverkusen,51379,,4.9,237,11–20,11,20,15.5,6.14,4.661,11 bis 20 Bewertungen aufgrund von Beschwerden wegen Diffamierung entfernt.,https://www.google.com/maps/place/Invictus+Physiotherapie+Leverkusen/data=!4m7!3m6!1s0x47bf2d33de9d8c11:0x2e4a46db1f71e0f6!8m2!3d51.0652764!4d6.9892488!16s%2Fg%2F11j8rlwd0t!19sChIJEYyd3jMtv0cR9uBxH9tGSi4?authuser=0&hl=de&rclk=1
47,Hotel Refrather Hof,51375,,4.6,232,11–20,11,20,15.5,6.26,4.375,11 bis 20 Bewertungen aufgrund von Beschwerden wegen Diffamierung entfernt.,https://www.google.com/maps/place/Hotel+Refrather+Hof/data=!4m10!3m9!1s0x47bed80184665731:0x88868e11dd442124!5m2!4m1!1i2!8m2!3d50.9610942!4d7.1136289!16s%2Fg%2F1tgn_ydl!19sChIJMVdmhAHYvkcRJCFE3RGOhog?authuser=0&hl=de&rclk=1
48,Pizzeria S-Werk,51375,,4.6,179,11–20,11,20,15.5,7.97,4.313,11 bis 20 Bewertungen aufgrund von Beschwerden wegen Diffamierung entfernt.,https://www.google.com/maps/place/Pizzeria+S-Werk/data=!4m7!3m6!1s0x47bf297fb87239c7:0x289b8337d8453f8d!8m2!3d51.04792!4d7.07479!16s%2Fg%2F1hc8wq2mn!19sChIJxzlyuH8pv0cRjT9F2DeDmyg?authuser=0&hl=de&rclk=1
49,Espresso Perfetto Leverkusen GmbH,51371,,4.7,177,11–20,11,20,15.5,8.05,4.402,11 bis 20 Bewertungen aufgrund von Beschwerden wegen Diffamierung entfernt.,https://www.google.com/maps/place/Espresso+Perfetto+Leverkusen+GmbH/data=!4m7!3m6!1s0x47bf2f8a45f796f7:0x68a27c94a8598bc5!8m2!3d51.0323553!4d6.9874319!16s%2Fg%2F11h1vdmrl0!19sChIJ95b3RYovv0cRxYtZqJR8omg?authuser=0&hl=de&rclk=1
50,Hotel Medo Köln,51371,,4.3,146,11–20,11,20,15.5,9.6,3.983,11 bis 20 Bewertungen aufgrund von Beschwerden wegen Diffamierung entfernt.,https://www.google.com/maps/place/Hotel+Medo+K%C3%B6ln/data=!4m10!3m9!1s0x47bf2fb9f77398ab:0x8987e248a40ccb30!5m2!4m1!1i2!8m2!3d50.9983652!4d6.9955188!16s%2Fg%2F11vy422nyz!19sChIJq5hz97kvv0cRMMsMpEjih4k?authuser=0&hl=de&rclk=1
51,Eiscafe Dolomiti,51371,,4.3,85,11–20,11,20,15.5,15.42,3.791,11 bis 20 Bewertungen aufgrund von Beschwerden wegen Diffamierung entfernt.,https://www.google.com/maps/place/Eiscafe+Dolomiti/data=!4m7!3m6!1s0x47bf2ec8119ee533:0x403ac988d97e9639!8m2!3d51.0314456!4d7.0077923!16s%2Fg%2F1tl9lqj1!19sChIJM-WeEcguv0cROZZ-2YjJOkA?authuser=0&hl=de&rclk=1
52,Bäckerei Konditorei Café Newzella,51371,,4.5,80,11–20,11,20,15.5,16.23,3.932,11 bis 20 Bewertungen aufgrund von Beschwerden wegen Diffamierung entfernt.,https://www.google.com/maps/place/B%C3%A4ckerei+Konditorei+Caf%C3%A9+Newzella/data=!4m7!3m6!1s0x47bf2eeafb5a4df3:0x485c5c8d8cc8d94e!8m2!3d51.0313891!4d6.9906889!16s%2Fg%2F1vj5zbqh!19sChIJ801a--ouv0cRTtnIjI1cXEg?authuser=0&hl=de&rclk=1
53,Rheinländer Seehotel,51371,,4.1,53,11–20,11,20,15.5,22.63,3.399,11 bis 20 Bewertungen aufgrund von Beschwerden wegen Diffamierung entfernt.,https://www.google.com/maps/place/Rheinl%C3%A4nder+Seehotel/data=!4m10!3m9!1s0x47bf2df77061515b:0x1a0bc36fdaa5ba62!5m2!4m1!1i2!8m2!3d51.069306!4d6.927669!16s%2Fg%2F11kqqv59bb!19sChIJW1FhcPctv0cRYrql2m_DCxo?authuser=0&hl=de&rclk=1
54,M_B Barbershop,51381,,4.7,51,11–20,11,20,15.5,23.31,3.838,11 bis 20 Bewertungen aufgrund von Beschwerden wegen Diffamierung entfernt.,https://www.google.com/maps/place/M_B+Barbershop/data=!4m7!3m6!1s0x47bf2b67b865927f:0x1a9f34b83a19c66e!8m2!3d51.0823487!4d7.1181107!16s%2Fg%2F11hf6rgqyf!19sChIJf5JluGcrv0cRbsYZOrg0nxo?authuser=0&hl=de&rclk=1
55,StayInCologne,51375,,4.6,30,11–20,11,20,15.5,34.07,3.374,11 bis 20 Bewertungen aufgrund von Beschwerden wegen Diffamierung entfernt.,https://www.google.com/maps/place/StayInCologne/data=!4m10!3m9!1s0x47bf27d660a10035:0x404db965387e615b!5m2!4m1!1i2!8m2!3d50.9453501!4d7.0744323!16s%2Fg%2F11j_t4htrq!19sChIJNQChYNYnv0cRW2F-OGW5TUA?authuser=0&hl=de&rclk=1
56,Casa Portuguesa,51379,,4.7,1435,6–10,6,10,8,0.55,4.679,Sechs bis zehn Bewertungen aufgrund von Beschwerden wegen Diffamierung entfernt.,https://www.google.com/maps/place/Casa+Portuguesa/data=!4m7!3m6!1s0x47bf2b8a2ee5a377:0x1b82f80371bcf59b!8m2!3d51.0640642!4d7.0101016!16s%2Fg%2F1tt1rv2v!19sChIJd6PlLoorv0cRm_W8cQP4ghs?authuser=0&hl=de&rclk=1
57,Ristorante Peperoncino | Italienisches Restaurant | Leverkusen,51371,,4.8,1328,6–10,6,10,8,0.6,4.777,Sechs bis zehn Bewertungen aufgrund von Beschwerden wegen Diffamierung entfernt.,https://www.google.com/maps/place/Ristorante+Peperoncino+%7C+Italienisches+Restaurant+%7C+Leverkusen/data=!4m7!3m6!1s0x47bf2e9a33a94973:0x2900e6fb6c4077de!8m2!3d51.061775!4d6.9119785!16s%2Fg%2F11_tr0238!19sChIJc0mpM5ouv0cR3ndAbPvmACk?authuser=0&hl=de&rclk=1
58,MONUMENT - Burger & Brunch,51371,,4.7,1110,6–10,6,10,8,0.72,4.674,Sechs bis zehn Bewertungen aufgrund von Beschwerden wegen Diffamierung entfernt.,https://www.google.com/maps/place/MONUMENT+-+Burger+%26+Brunch/data=!4m7!3m6!1s0x47bf2dd82d9c2b0b:0x3e54db3998a94cc0!8m2!3d51.0630718!4d7.0110944!16s%2Fg%2F11t31wp506!19sChIJCyucLdgtv0cRwEypmDnbVD4?authuser=0&hl=de&rclk=1
59,Bäckerei Konditorei Café Newzella,51371,,4.4,614,6–10,6,10,8,1.29,4.356,Sechs bis zehn Bewertungen aufgrund von Beschwerden wegen Diffamierung entfernt.,https://www.google.com/maps/place/B%C3%A4ckerei+Konditorei+Caf%C3%A9+Newzella/data=!4m7!3m6!1s0x47bf2952188a268b:0x65ac5c90817b0046!8m2!3d51.0429431!4d7.028925!16s%2Fg%2F1tdmzmyv!19sChIJiyaKGFIpv0cRRgB7gZBcrGU?authuser=0&hl=de&rclk=1
60,Burgeria,51371,,4.3,523,6–10,6,10,8,1.51,4.25,Sechs bis zehn Bewertungen aufgrund von Beschwerden wegen Diffamierung entfernt.,https://www.google.com/maps/place/Burgeria/data=!4m7!3m6!1s0x47bf2dfe9352a9e7:0x77ea0b19f3a7942c!8m2!3d51.0632555!4d7.0035642!16s%2Fg%2F11h3_gbvth!19sChIJ56lSk_4tv0cRLJSn8xkL6nc?authuser=0&hl=de&rclk=1
61,Wurstteufel Leverkusen,51371,,4.3,513,6–10,6,10,8,1.54,4.249,Sechs bis zehn Bewertungen aufgrund von Beschwerden wegen Diffamierung entfernt.,https://www.google.com/maps/place/Wurstteufel+Leverkusen/data=!4m7!3m6!1s0x47bf2ea7589bd5e3:0xe39454b95aed9abb!8m2!3d51.0520486!4d7.0048725!16s%2Fg%2F1w664jtp!19sChIJ49WbWKcuv0cRu5rtWrlUlOM?authuser=0&hl=de&rclk=1
62,Fahrradcenter Prinz,51373,,4.7,452,6–10,6,10,8,1.74,4.636,Sechs bis zehn Bewertungen aufgrund von Beschwerden wegen Diffamierung entfernt.,https://www.google.com/maps/place/Fahrradcenter+Prinz/data=!4m7!3m6!1s0x47bf2ea318a39fed:0x1a5a6944f04f9cb!8m2!3d51.04459!4d7.00069!16s%2Fg%2F1wf20z_n!19sChIJ7Z-jGKMuv0cRy_kET5SmpQE?authuser=0&hl=de&rclk=1
63,"the Deutz, a Tribute Portfolio Hotel",51373,,4.1,371,6–10,6,10,8,2.11,4.035,Sechs bis zehn Bewertungen aufgrund von Beschwerden wegen Diffamierung entfernt.,"https://www.google.com/maps/place/the+Deutz,+a+Tribute+Portfolio+Hotel/data=!4m10!3m9!1s0x47bf250cd09d480d:0x7d38c1c7170e631f!5m2!4m1!1i2!8m2!3d50.9504551!4d6.9899409!16s%2Fg%2F11l35ms856!19sChIJDUid0Awlv0cRH2MOF8fBOH0?authuser=0&hl=de&rclk=1"
64,"the Deutz, a Tribute Portfolio Hotel",51375,,4.1,371,6–10,6,10,8,2.11,4.035,Sechs bis zehn Bewertungen aufgrund von Beschwerden wegen Diffamierung entfernt.,"https://www.google.com/maps/place/the+Deutz,+a+Tribute+Portfolio+Hotel/data=!4m10!3m9!1s0x47bf25e7765ca84f:0x7d38c1c7170e631f!5m2!4m1!1i2!8m2!3d50.950455!4d6.989941!16s%2Fg%2F11l35ms856!19sChIJT6hcduclv0cRH2MOF8fBOH0?authuser=0&hl=de&rclk=1"
65,Da Nonna Tétta,51373,,4.6,305,6–10,6,10,8,2.56,4.508,Sechs bis zehn Bewertungen aufgrund von Beschwerden wegen Diffamierung entfernt.,https://www.google.com/maps/place/Da+Nonna+T%C3%A9tta/data=!4m7!3m6!1s0x47bf2d38009f744b:0xb8ad05f1b7d609f3!8m2!3d51.0674419!4d6.9986871!16s%2Fg%2F11wvgw7mbw!19sChIJS3SfADgtv0cR8wnWt_EFrbg?authuser=0&hl=de&rclk=1
66,Rhein River Guesthouse,51371,,4.4,229,6–10,6,10,8,3.38,4.285,Sechs bis zehn Bewertungen aufgrund von Beschwerden wegen Diffamierung entfernt.,https://www.google.com/maps/place/Rhein+River+Guesthouse/data=!4m10!3m9!1s0x47bf32024a07943f:0xfcca9d3d1cdc7c34!5m2!4m1!1i2!8m2!3d51.06127!4d6.91346!16s%2Fg%2F1wn32t9w!19sChIJP5QHSgIyv0cRNHzcHD2dyvw?authuser=0&hl=de&rclk=1
67,Numa Cologne Ehrenfeld,51375,,3.7,165,6–10,6,10,8,4.62,3.575,Sechs bis zehn Bewertungen aufgrund von Beschwerden wegen Diffamierung entfernt.,https://www.google.com/maps/place/Numa+Cologne+Ehrenfeld/data=!4m10!3m9!1s0x47bf25b0ec854e13:0xfce0a19b6cdb2fa!5m2!4m1!1i2!8m2!3d50.9466615!4d6.9230487!16s%2Fg%2F11j1x9yxq_!19sChIJE06F7LAlv0cR-rLNthkKzg8?authuser=0&hl=de&rclk=1
68,Niehler Hotel,51371,,4.4,137,6–10,6,10,8,5.52,4.212,Sechs bis zehn Bewertungen aufgrund von Beschwerden wegen Diffamierung entfernt.,https://www.google.com/maps/place/Niehler+Hotel/data=!4m10!3m9!1s0x47bf2f743d142bdd:0xc3db4234ac5597a1!5m2!4m1!1i2!8m2!3d50.989191!4d6.9612058!16s%2Fg%2F1vxw7dhx!19sChIJ3SsUPXQvv0cRoZdVrDRC28M?authuser=0&hl=de&rclk=1
69,TEXTILWAHN PM GmbH,51379,,4.9,41,6–10,6,10,8,16.33,4.263,Sechs bis zehn Bewertungen aufgrund von Beschwerden wegen Diffamierung entfernt.,https://www.google.com/maps/place/TEXTILWAHN+PM+GmbH/data=!4m7!3m6!1s0x47bf2c05382c98f5:0xe959b9fbe2ed4d03!8m2!3d51.060709!4d7.015512!16s%2Fg%2F1jgm2pkqb!19sChIJ9ZgsOAUsv0cRA03t4vu5Wek?authuser=0&hl=de&rclk=1
70,Löwen Apotheke Leverkusen,51371,,4.8,25,6–10,6,10,8,24.24,3.879,Sechs bis zehn Bewertungen aufgrund von Beschwerden wegen Diffamierung entfernt.,https://www.google.com/maps/place/L%C3%B6wen+Apotheke+Leverkusen/data=!4m7!3m6!1s0x47bf2ddbeb7b77b5:0x57ca78f5286aa1c2!8m2!3d51.0638731!4d6.9563344!16s%2Fg%2F1tgm1_8c!19sChIJtXd769stv0cRwqFqKPV4ylc?authuser=0&hl=de&rclk=1
71,Hair-Creation E & H,51371,,4.6,14,6–10,6,10,8,36.36,3.291,Sechs bis zehn Bewertungen aufgrund von Beschwerden wegen Diffamierung entfernt.,https://www.google.com/maps/place/Hair-Creation+E+%26+H/data=!4m7!3m6!1s0x47bf2c3d63d4cc71:0xd4c44b717d2f1b28!8m2!3d51.0656216!4d7.002197!16s%2Fg%2F1tfss073!19sChIJcczUYz0sv0cRKBsvfXFLxNQ?authuser=0&hl=de&rclk=1
72,all inclusive Fitness Leverkusen,51371,,4.5,1245,2–5,2,5,3.5,0.28,4.49,Zwei bis fünf Bewertungen aufgrund von Beschwerden wegen Diffamierung entfernt.,https://www.google.com/maps/place/all+inclusive+Fitness+Leverkusen/data=!4m7!3m6!1s0x47bf2fc8393c3af3:0xc18935dd593b227b!8m2!3d51.0384575!4d6.9863119!16s%2Fg%2F11g4d1rtbf!19sChIJ8zo8Ocgvv0cReyI7Wd01icE?authuser=0&hl=de&rclk=1
73,Hotel Lorien,51373,,3.3,966,2–5,2,5,3.5,0.36,3.292,Zwei bis fünf Bewertungen aufgrund von Beschwerden wegen Diffamierung entfernt.,https://www.google.com/maps/place/Hotel+Lorien/data=!4m10!3m9!1s0x47bf26209f4c4641:0xe0e2fedb66b4e0b7!5m2!4m1!1i2!8m2!3d50.9673417!4d7.0356167!16s%2Fg%2F1hc9fw4hn!19sChIJQUZMnyAmv0cRt-C0Ztv-4uA?authuser=0&hl=de&rclk=1
74,Restaurant „Claashäuschen“,51371,,4.6,613,2–5,2,5,3.5,0.57,4.58,Zwei bis fünf Bewertungen aufgrund von Beschwerden wegen Diffamierung entfernt.,https://www.google.com/maps/place/Restaurant+%E2%80%9EClaash%C3%A4uschen%E2%80%9C/data=!4m7!3m6!1s0x47bf2bf3334336ad:0xf99001f4532d29d7!8m2!3d51.0722858!4d7.0390746!16s%2Fg%2F1thxpsbd!19sChIJrTZDM_Mrv0cR1yktU_QBkPk?authuser=0&hl=de&rclk=1
75,Restaurant Castro Carne,51371,,4.9,561,2–5,2,5,3.5,0.62,4.876,Zwei bis fünf Bewertungen aufgrund von Beschwerden wegen Diffamierung entfernt.,https://www.google.com/maps/place/Restaurant+Castro+Carne/data=!4m7!3m6!1s0x47bf2bdbba87b1bd:0x6cba336b67d8a183!8m2!3d51.0642965!4d7.0485991!16s%2Fg%2F11hzzycxy7!19sChIJvbGHutsrv0cRg6HYZ2szumw?authuser=0&hl=de&rclk=1
76,Der Pizza Bulli,51371,,4.9,520,2–5,2,5,3.5,0.67,4.874,Zwei bis fünf Bewertungen aufgrund von Beschwerden wegen Diffamierung entfernt.,https://www.google.com/maps/place/Der+Pizza+Bulli/data=!4m7!3m6!1s0x47bf2fe04e3a816b:0x8aa2f7d313f3a00d!8m2!3d51.0543088!4d6.9853473!16s%2Fg%2F11fskryhdk!19sChIJa4E6TuAvv0cRDaDzE9P3ooo?authuser=0&hl=de&rclk=1
77,Sushicino,51371,,4.8,380,2–5,2,5,3.5,0.91,4.765,Zwei bis fünf Bewertungen aufgrund von Beschwerden wegen Diffamierung entfernt.,https://www.google.com/maps/place/Sushicino/data=!4m7!3m6!1s0x47bf2d88fd8eec81:0x590cb81f788b0da9!8m2!3d51.0674846!4d7.0035652!16s%2Fg%2F11trdmttwz!19sChIJgeyO_Ygtv0cRqQ2LeB-4DFk?authuser=0&hl=de&rclk=1
78,Restaurant Hotel Sonneneck,51381,,4.7,193,2–5,2,5,3.5,1.78,4.634,Zwei bis fünf Bewertungen aufgrund von Beschwerden wegen Diffamierung entfernt.,https://www.google.com/maps/place/Restaurant+Hotel+Sonneneck/data=!4m10!3m9!1s0x47b8d520487cb00b:0x48915cacb3591e5f!5m2!4m1!1i2!8m2!3d51.1509117!4d7.1058558!16s%2Fg%2F1tvdhwpk!19sChIJC7B8SCDVuEcRXx5Zs6xckUg?authuser=0&hl=de&rclk=1
79,Röhrig Preissler Consulting GmbH,51377,,4.9,173,2–5,2,5,3.5,1.98,4.823,Zwei bis fünf Bewertungen aufgrund von Beschwerden wegen Diffamierung entfernt.,https://www.google.com/maps/place/R%C3%B6hrig+Preissler+Consulting+GmbH/data=!4m7!3m6!1s0x47bf29dffae38eb1:0x841e6c56afc88f35!8m2!3d51.0337554!4d7.0157853!16s%2Fg%2F11hshx_qy3!19sChIJsY7j-t8pv0cRNY_Ir1ZsHoQ?authuser=0&hl=de&rclk=1
80,Eleydi Friseur&Beauty,51375,,4.8,147,2–5,2,5,3.5,2.33,4.712,Zwei bis fünf Bewertungen aufgrund von Beschwerden wegen Diffamierung entfernt.,https://www.google.com/maps/place/Eleydi+Friseur%26Beauty/data=!4m7!3m6!1s0x47bf297a74404bd3:0xf8490f35e5b02dfb!8m2!3d50.9759203!4d7.0732161!16s%2Fg%2F11j0lmjqbt!19sChIJ00tAdHopv0cR-y2w5TUPSfg?authuser=0&hl=de&rclk=1
81,Samurai Kids Leverkusen,51373,,5,147,2–5,2,5,3.5,2.33,4.907,Zwei bis fünf Bewertungen aufgrund von Beschwerden wegen Diffamierung entfernt.,https://www.google.com/maps/place/Samurai+Kids+Leverkusen/data=!4m7!3m6!1s0x47bf2d184645c2c3:0xbe6ef36eca78a541!8m2!3d51.0629819!4d7.0036401!16s%2Fg%2F11rf48tgl7!19sChIJw8JFRhgtv0cRQaV4ym7zbr4?authuser=0&hl=de&rclk=1
82,Finanzamt Leverkusen,51377,,2.9,107,2–5,2,5,3.5,3.17,2.84,Zwei bis fünf Bewertungen aufgrund von Beschwerden wegen Diffamierung entfernt.,https://www.google.com/maps/place/Finanzamt+Leverkusen/data=!4m7!3m6!1s0x47bf2c4755431c2b:0xa7a2aecd7b8e5851!8m2!3d51.0332821!4d7.0173142!16s%2Fg%2F1td57rl_!19sChIJKxxDVUcsv0cRUViOe82uoqc?authuser=0&hl=de&rclk=1
83,Schwientek & Sohn,51381,,4.7,105,2–5,2,5,3.5,3.23,4.581,Zwei bis fünf Bewertungen aufgrund von Beschwerden wegen Diffamierung entfernt.,https://www.google.com/maps/place/Schwientek+%26+Sohn/data=!4m7!3m6!1s0x47bf2c0277238817:0xe2eb6317674e275d!8m2!3d51.0530211!4d7.0165544!16s%2Fg%2F1tc_dd5q!19sChIJF4gjdwIsv0cRXSdOZxdj6-I?authuser=0&hl=de&rclk=1
84,"bella ""Hair & Beauty""",51375,,4.9,103,2–5,2,5,3.5,3.29,4.772,Zwei bis fünf Bewertungen aufgrund von Beschwerden wegen Diffamierung entfernt.,https://www.google.com/maps/place/bella+%22Hair+%26+Beauty%22/data=!4m7!3m6!1s0x47bf2a28c4108fe7:0x71435ff6918acd51!8m2!3d51.0524963!4d7.0896716!16s%2Fg%2F11hbgs5n8d!19sChIJ548QxCgqv0cRUc2KkfZfQ3E?authuser=0&hl=de&rclk=1
85,123 FAHRSCHULE Leverkusen-Wiesdorf,51373,,4.9,94,2–5,2,5,3.5,3.59,4.76,Zwei bis fünf Bewertungen aufgrund von Beschwerden wegen Diffamierung entfernt.,https://www.google.com/maps/place/123+FAHRSCHULE+Leverkusen-Wiesdorf/data=!4m7!3m6!1s0x47bf2f1543adf723:0x9d640fa8f5e22b3!8m2!3d51.0325709!4d6.9960385!16s%2Fg%2F11fhkqmcjn!19sChIJI_etQxUvv0cRsyJej_pA1gk?authuser=0&hl=de&rclk=1
86,Bäckerei Konditorei Café Newzella,51371,,4.6,93,2–5,2,5,3.5,3.63,4.469,Zwei bis fünf Bewertungen aufgrund von Beschwerden wegen Diffamierung entfernt.,https://www.google.com/maps/place/B%C3%A4ckerei+Konditorei+Caf%C3%A9+Newzella/data=!4m7!3m6!1s0x47bf31d2ff80e14d:0x26640407b9d85419!8m2!3d51.0203228!4d6.9016721!16s%2Fg%2F1tql3xp_!19sChIJTeGA_9Ixv0cRGVTYuQcEZCY?authuser=0&hl=de&rclk=1
87,PhysioAktiva Leverkusen,51381,,4.9,87,2–5,2,5,3.5,3.87,4.749,Zwei bis fünf Bewertungen aufgrund von Beschwerden wegen Diffamierung entfernt.,https://www.google.com/maps/place/PhysioAktiva+Leverkusen/data=!4m7!3m6!1s0x47bf2bc218d1f7e3:0xca3435e38ace9efb!8m2!3d51.0657417!4d7.0568027!16s%2Fg%2F11c53j1r89!19sChIJ4_fRGMIrv0cR-57OiuM1NMo?authuser=0&hl=de&rclk=1
88,Haarstudio J&C,51371,,5,75,2–5,2,5,3.5,4.46,4.822,Zwei bis fünf Bewertungen aufgrund von Beschwerden wegen Diffamierung entfernt.,https://www.google.com/maps/place/Haarstudio+J%26C/data=!4m7!3m6!1s0x47bf2d820de464b7:0xcf84cf492ae4bafc!8m2!3d51.0653558!4d7.0034035!16s%2Fg%2F11xgsvzfrm!19sChIJt2TkDYItv0cR_LrkKknPhM8?authuser=0&hl=de&rclk=1
89,Kleman Physiotherapie,51381,,4.8,75,2–5,2,5,3.5,4.46,4.631,Zwei bis fünf Bewertungen aufgrund von Beschwerden wegen Diffamierung entfernt.,https://www.google.com/maps/place/Kleman+Physiotherapie/data=!4m7!3m6!1s0x47bf2c763dde6029:0x2277de395b1f0aa1!8m2!3d51.0795039!4d7.0308566!16s%2Fg%2F1tcvs_95!19sChIJKWDePXYsv0cRoQofWznedyI?authuser=0&hl=de&rclk=1
90,Brungs-Friseure,51375,,4.9,74,2–5,2,5,3.5,4.52,4.724,Zwei bis fünf Bewertungen aufgrund von Beschwerden wegen Diffamierung entfernt.,https://www.google.com/maps/place/Brungs-Friseure/data=!4m7!3m6!1s0x47bf29afb7033df5:0xd143deb9f1365b19!8m2!3d51.0153136!4d7.0801098!16s%2Fg%2F1vd946qz!19sChIJ9T0Dt68pv0cRGVs28bneQ9E?authuser=0&hl=de&rclk=1
91,Altstadt Apotheke Leverkusen (Opladen),51371,,4.8,71,2–5,2,5,3.5,4.7,4.621,Zwei bis fünf Bewertungen aufgrund von Beschwerden wegen Diffamierung entfernt.,https://www.google.com/maps/place/Altstadt+Apotheke+Leverkusen+%28Opladen%29/data=!4m7!3m6!1s0x47bf2c1624c1fd7b:0x8a6769c3ef2865ee!8m2!3d51.0673358!4d7.0034067!16s%2Fg%2F1tdh7l5k!19sChIJe_3BJBYsv0cR7mUo78NpZ4o?authuser=0&hl=de&rclk=1
92,Opladener Apotheke Leverkusen (LINDA Apotheke Leverkusen Opladen),51371,,4.9,71,2–5,2,5,3.5,4.7,4.717,Zwei bis fünf Bewertungen aufgrund von Beschwerden wegen Diffamierung entfernt.,https://www.google.com/maps/place/Opladener+Apotheke+Leverkusen+%28LINDA+Apotheke+Leverkusen+Opladen%29/data=!4m7!3m6!1s0x47bf2c17eb91a601:0x1d509c6f0442e454!8m2!3d51.0653119!4d7.0034587!16s%2Fg%2F11bvt3z7kh!19sChIJAaaR6xcsv0cRVORCBG-cUB0?authuser=0&hl=de&rclk=1
93,Invictus Personal Training Leverkusen,51371,,4.9,60,2–5,2,5,3.5,5.51,4.685,Zwei bis fünf Bewertungen aufgrund von Beschwerden wegen Diffamierung entfernt.,https://www.google.com/maps/place/Invictus+Personal+Training+Leverkusen/data=!4m7!3m6!1s0x47bf2eca61aa38ef:0x9f3edf78401fd004!8m2!3d51.0652453!4d6.9890599!16s%2Fg%2F11bzymxkd_!19sChIJ7ziqYcouv0cRBNAfQHjfPp8?authuser=0&hl=de&rclk=1
94,Stay Inn Hotel Köln Leverkusen City,51371,,4.1,50,2–5,2,5,3.5,6.54,3.897,Zwei bis fünf Bewertungen aufgrund von Beschwerden wegen Diffamierung entfernt.,https://www.google.com/maps/place/Stay+Inn+Hotel+K%C3%B6ln+Leverkusen+City/data=!4m10!3m9!1s0x47bf2fee757e0ee7:0xaddbb96eb5410778!5m2!4m1!1i2!8m2!3d51.0280663!4d6.9909688!16s%2Fg%2F11y0pm53n5!19sChIJ5w5-de4vv0cReAdBtW65260?authuser=0&hl=de&rclk=1
95,Bahnhof Apotheke Leverkusen,51371,,4.5,47,2–5,2,5,3.5,6.93,4.257,Zwei bis fünf Bewertungen aufgrund von Beschwerden wegen Diffamierung entfernt.,https://www.google.com/maps/place/Bahnhof+Apotheke+Leverkusen/data=!4m7!3m6!1s0x47bf2e99802e76bb:0x27ec3012db1c5bc3!8m2!3d51.0464936!4d6.9908092!16s%2Fg%2F1vzv2tkq!19sChIJu3YugJkuv0cRw1sc2xIw7Cc?authuser=0&hl=de&rclk=1
96,Euro-Schulen Leverkusen,51377,,4.3,47,2–5,2,5,3.5,6.93,4.071,Zwei bis fünf Bewertungen aufgrund von Beschwerden wegen Diffamierung entfernt.,https://www.google.com/maps/place/Euro-Schulen+Leverkusen/data=!4m7!3m6!1s0x47bf2c164cdd703b:0x9066a807b8ffa7aa!8m2!3d51.0666562!4d7.0047979!16s%2Fg%2F1w2yylhk!19sChIJO3DdTBYsv0cRqqf_uAeoZpA?authuser=0&hl=de&rclk=1
97,Die Hotelalternative,51381,,4.7,40,2–5,2,5,3.5,8.05,4.402,Zwei bis fünf Bewertungen aufgrund von Beschwerden wegen Diffamierung entfernt.,https://www.google.com/maps/place/Die+Hotelalternative/data=!4m10!3m9!1s0x47b8d2e1cff02715:0x892dedcb79bbff78!5m2!4m1!1i2!8m2!3d51.1620164!4d6.9989945!16s%2Fg%2F1tdmtq85!19sChIJFSfwz-HSuEcReP-7ecvtLYk?authuser=0&hl=de&rclk=1
98,Pinguin-Apotheke Rathausgalerie,51371,,3.5,40,2–5,2,5,3.5,8.05,3.299,Zwei bis fünf Bewertungen aufgrund von Beschwerden wegen Diffamierung entfernt.,https://www.google.com/maps/place/Pinguin-Apotheke+Rathausgalerie/data=!4m7!3m6!1s0x47bf2eeb58a3c203:0xdef6883b24d51a36!8m2!3d51.0328041!4d6.9879989!16s%2Fg%2F11b7fc8b77!19sChIJA8KjWOsuv0cRNhrVJDuI9t4?authuser=0&hl=de&rclk=1
99,Passon Kolb Sprachtherapeutische Praxis,51375,,4.4,37,2–5,2,5,3.5,8.64,4.106,Zwei bis fünf Bewertungen aufgrund von Beschwerden wegen Diffamierung entfernt.,https://www.google.com/maps/place/Passon+Kolb+Sprachtherapeutische+Praxis/data=!4m7!3m6!1s0x47bf296a37262bb5:0x5e30e26b4eb89c29!8m2!3d51.0340187!4d7.0498187!16s%2Fg%2F1td1j3j8!19sChIJtSsmN2opv0cRKZy4TmviMF4?authuser=0&hl=de&rclk=1
100,Ernährungsberatung für Hunde Katja Schulz - Hundefutter -Nahrungsergänzung für Hunde,51379,,4.6,29,2–5,2,5,3.5,10.77,4.212,Zwei bis fünf Bewertungen aufgrund von Beschwerden wegen Diffamierung entfernt.,https://www.google.com/maps/place/Ern%C3%A4hrungsberatung+f%C3%BCr+Hunde+Katja+Schulz+-+Hundefutter+-Nahrungserg%C3%A4nzung+f%C3%BCr+Hunde/data=!4m7!3m6!1s0x47bf2d47346b6d45:0xaed9fb0c500bf5f4!8m2!3d51.0751382!4d6.9933626!16s%2Fg%2F11wtpnjvlx!19sChIJRW1rNEctv0cR9PULUAz72a4?authuser=0&hl=de&rclk=1
101,Veranstaltungsbüro Nolden GmbH,51381,,4.6,12,2–5,2,5,3.5,22.58,3.787,Zwei bis fünf Bewertungen aufgrund von Beschwerden wegen Diffamierung entfernt.,https://www.google.com/maps/place/Veranstaltungsb%C3%BCro+Nolden+GmbH/data=!4m7!3m6!1s0x47bf2ba6cbc484c1:0x8881ea662455ef0c!8m2!3d51.0779185!4d7.0351936!16s%2Fg%2F1thzsy7q!19sChIJwYTEy6Yrv0cRDO9VJGbqgYg?authuser=0&hl=de&rclk=1
102,Leonardo Hotel Köln,51375,,3.9,3116,1,1,1,1,0.03,3.899,Eine Bewertung aufgrund einer Beschwerde wegen Diffamierung entfernt.,https://www.google.com/maps/place/Leonardo+Hotel+K%C3%B6ln/data=!4m10!3m9!1s0x47bf267357316cdb:0xbff84e784d0209c6!5m2!4m1!1i2!8m2!3d50.94789!4d7.00592!16s%2Fg%2F1tdpf9_b!19sChIJ22wxV3Mmv0cRxgkCTXhO-L8?authuser=0&hl=de&rclk=1
103,Cafe Extrablatt Leverkusen,51371,,4.1,3087,1,1,1,1,0.03,4.099,Eine Bewertung aufgrund einer Beschwerde wegen Diffamierung entfernt.,https://www.google.com/maps/place/Cafe+Extrablatt+Leverkusen/data=!4m7!3m6!1s0x47bf2eecbfaf69db:0x7bdab32fa22ba9b6!8m2!3d51.0321846!4d6.9850458!16s%2Fg%2F11c5_ssvy3!19sChIJ22mvv-wuv0cRtqkroi-z2ns?authuser=0&hl=de&rclk=1
104,Autohaus Luchtenberg,51381,,4.6,2010,1,1,1,1,0.05,4.598,Eine Bewertung aufgrund einer Beschwerde wegen Diffamierung entfernt.,https://www.google.com/maps/place/Autohaus+Luchtenberg/data=!4m7!3m6!1s0x47bf2c040a98acf1:0x41e499797c9afd84!8m2!3d51.0579146!4d7.0186913!16s%2Fg%2F1tcwkq2m!19sChIJ8ayYCgQsv0cRhP2afHmZ5EE?authuser=0&hl=de&rclk=1
105,"Station - Hostel für Backpacker, Köln",51375,,3.7,1443,1,1,1,1,0.07,3.698,Eine Bewertung aufgrund einer Beschwerde wegen Diffamierung entfernt.,"https://www.google.com/maps/place/Station+-+Hostel+f%C3%BCr+Backpacker,+K%C3%B6ln/data=!4m10!3m9!1s0x47bf25a4fd2c2e41:0xc5659141a0475139!5m2!4m1!1i2!8m2!3d50.944065!4d6.956173!16s%2Fg%2F1td3qmh_!19sChIJQS4s_aQlv0cROVFHoEGRZcU?authuser=0&hl=de&rclk=1"
106,Los Amigos Restaurant in Leverkusen.,51371,,4.8,1214,1,1,1,1,0.08,4.797,Eine Bewertung aufgrund einer Beschwerde wegen Diffamierung entfernt.,https://www.google.com/maps/place/Los+Amigos+Restaurant+in+Leverkusen./data=!4m7!3m6!1s0x47bf2c3e78efec77:0xa8ac56adf4843103!8m2!3d51.069541!4d7.000417!16s%2Fg%2F11b7362r13!19sChIJd-zveD4sv0cRAzGE9K1WrKg?authuser=0&hl=de&rclk=1
107,Moxy Cologne Muelheim,51373,,4.2,1086,1,1,1,1,0.09,4.197,Eine Bewertung aufgrund einer Beschwerde wegen Diffamierung entfernt.,https://www.google.com/maps/place/Moxy+Cologne+Muelheim/data=!4m10!3m9!1s0x47bf2601feb638e1:0xc5ca890ea1a6bee3!5m2!4m1!1i2!8m2!3d50.9689382!4d7.0108488!16s%2Fg%2F11t16h8g9f!19sChIJ4Ti2_gEmv0cR476moQ6JysU?authuser=0&hl=de&rclk=1
108,"Classik Hotel Antonius, Köln",51375,,4.4,923,1,1,1,1,0.11,4.396,Eine Bewertung aufgrund einer Beschwerde wegen Diffamierung entfernt.,"https://www.google.com/maps/place/Classik+Hotel+Antonius,+K%C3%B6ln/data=!4m10!3m9!1s0x47bf25bcd2338947:0xacdbccdc244daa12!5m2!4m1!1i2!8m2!3d50.9482939!4d6.9598211!16s%2Fg%2F1vzn4ptm!19sChIJR4kz0rwlv0cREqpNJNzM26w?authuser=0&hl=de&rclk=1"
109,Hotel Fortune,51371,,4,789,1,1,1,1,0.13,3.996,Eine Bewertung aufgrund einer Beschwerde wegen Diffamierung entfernt.,https://www.google.com/maps/place/Hotel+Fortune/data=!4m10!3m9!1s0x47bf2fa256c386b9:0x6fbcc4a0e944a717!5m2!4m1!1i2!8m2!3d50.99612!4d6.948768!16s%2Fg%2F11bxg_f_tv!19sChIJuYbDVqIvv0cRF6dE6aDEvG8?authuser=0&hl=de&rclk=1
110,Romantik Hotel-Restaurant Altenberger Hof,51381,,4.2,613,1,1,1,1,0.16,4.195,Eine Bewertung aufgrund einer Beschwerde wegen Diffamierung entfernt.,https://www.google.com/maps/place/Romantik+Hotel-Restaurant+Altenberger+Hof/data=!4m10!3m9!1s0x47bed5f805b39c5d:0x36fe63189710fc2b!5m2!4m1!1i2!8m2!3d51.055659!4d7.131843!16s%2Fg%2F1tcx6467!19sChIJXZyzBfjVvkcRK_wQlxhj_jY?authuser=0&hl=de&rclk=1
111,Kristallhotel FETTEHENNE,51371,,4.6,548,1,1,1,1,0.18,4.593,Eine Bewertung aufgrund einer Beschwerde wegen Diffamierung entfernt.,https://www.google.com/maps/place/Kristallhotel+FETTEHENNE/data=!4m10!3m9!1s0x47bf2ddf0a2775d5:0xab0c65e541122635!5m2!4m1!1i2!8m2!3d51.0583028!4d6.9511083!16s%2Fg%2F11ckvff70x!19sChIJ1XUnCt8tv0cRNSYSQeVlDKs?authuser=0&hl=de&rclk=1
112,Restaurant Dion,51371,,4.7,505,1,1,1,1,0.2,4.693,Eine Bewertung aufgrund einer Beschwerde wegen Diffamierung entfernt.,https://www.google.com/maps/place/Restaurant+Dion/data=!4m7!3m6!1s0x47bf2c181b71856d:0x35f487297fac3e10!8m2!3d51.0637394!4d7.0025858!16s%2Fg%2F11fx9d1sj1!19sChIJbYVxGxgsv0cRED6sfymH9DU?authuser=0&hl=de&rclk=1
113,The Ascot Hotel Köln,51375,,3.9,472,1,1,1,1,0.21,3.894,Eine Bewertung aufgrund einer Beschwerde wegen Diffamierung entfernt.,https://www.google.com/maps/place/The+Ascot+Hotel+K%C3%B6ln/data=!4m10!3m9!1s0x47bf25089fd162f3:0x7dbc6a8654c9b64a!5m2!4m1!1i2!8m2!3d50.9421219!4d6.9400531!16s%2Fg%2F1tf14_w5!19sChIJ82LRnwglv0cRSrbJVIZqvH0?authuser=0&hl=de&rclk=1
114,Hotel Viktoria,51373,,4.3,405,1,1,1,1,0.25,4.292,Eine Bewertung aufgrund einer Beschwerde wegen Diffamierung entfernt.,https://www.google.com/maps/place/Hotel+Viktoria/data=!4m10!3m9!1s0x47bf2595cb31c847:0x29ef7a07c78989c0!5m2!4m1!1i2!8m2!3d50.953632!4d6.9688642!16s%2Fg%2F1tlc7622!19sChIJR8gxy5Ulv0cRwImJxwd67yk?authuser=0&hl=de&rclk=1
115,Pizzeria Ramazzo,51371,,5,241,1,1,1,1,0.41,4.983,Eine Bewertung aufgrund einer Beschwerde wegen Diffamierung entfernt.,https://www.google.com/maps/place/Pizzeria+Ramazzo/data=!4m7!3m6!1s0x47bf2d0015e98469:0xd3a5b16fcbe99faf!8m2!3d51.059401!4d7.0035931!16s%2Fg%2F11w_mkg443!19sChIJaYTpFQAtv0cRr5_py2-xpdM?authuser=0&hl=de&rclk=1
116,Hotel Villa Sophia,51373,,3.5,238,1,1,1,1,0.42,3.49,Eine Bewertung aufgrund einer Beschwerde wegen Diffamierung entfernt.,https://www.google.com/maps/place/Hotel+Villa+Sophia/data=!4m10!3m9!1s0x47bf252b770a20c9:0x7d39a6ce1b1f2428!5m2!4m1!1i2!8m2!3d50.9516754!4d6.9606604!16s%2Fg%2F11vdxsnbq5!19sChIJySAKdyslv0cRKCQfG86mOX0?authuser=0&hl=de&rclk=1
117,Car Wrapping Center Leverkusen,51381,,4.9,181,1,1,1,1,0.55,4.879,Eine Bewertung aufgrund einer Beschwerde wegen Diffamierung entfernt.,https://www.google.com/maps/place/Car+Wrapping+Center+Leverkusen/data=!4m7!3m6!1s0x47bf2d2682595991:0x5a3606df1fa3ebbd!8m2!3d51.0588347!4d7.0180453!16s%2Fg%2F11hj4cks9t!19sChIJkVlZgiYtv0cRveujH98GNlo?authuser=0&hl=de&rclk=1
118,Physiotherapie Leverkusen-Quettingen - PhysioSport 360°,51381,,4.9,130,1,1,1,1,0.76,4.87,Eine Bewertung aufgrund einer Beschwerde wegen Diffamierung entfernt.,https://www.google.com/maps/place/Physiotherapie+Leverkusen-Quettingen+-+PhysioSport+360%C2%B0/data=!4m7!3m6!1s0x47bf2c0437523289:0xe38a0a47ff76827f!8m2!3d51.059671!4d7.019519!16s%2Fg%2F11cs43w_0m!19sChIJiTJSNwQsv0cRf4J2_0cKiuM?authuser=0&hl=de&rclk=1
119,KARL‘s Weinbar,51373,,4.5,106,1,1,1,1,0.93,4.467,Eine Bewertung aufgrund einer Beschwerde wegen Diffamierung entfernt.,https://www.google.com/maps/place/KARL%E2%80%98s+Weinbar/data=!4m7!3m6!1s0x47bf25001ecc5249:0xd8f0d52c0fb7f793!8m2!3d50.9563324!4d6.9047249!16s%2Fg%2F11m784yb09!19sChIJSVLMHgAlv0cRk_e3DyzV8Ng?authuser=0&hl=de&rclk=1
120,VERO Brautmoden,51381,,5,101,1,1,1,1,0.98,4.961,Eine Bewertung aufgrund einer Beschwerde wegen Diffamierung entfernt.,https://www.google.com/maps/place/VERO+Brautmoden/data=!4m7!3m6!1s0x47bf2fd049d1db99:0x242ee26f22e33df2!8m2!3d51.0665492!4d7.027589!16s%2Fg%2F11f9vsj9t9!19sChIJmdvRSdAvv0cR8j3jIm_iLiQ?authuser=0&hl=de&rclk=1
121,Fahrschule Bodo Henkel GmbH - Leverkusen,51377,,4.9,85,1,1,1,1,1.16,4.855,Eine Bewertung aufgrund einer Beschwerde wegen Diffamierung entfernt.,https://www.google.com/maps/place/Fahrschule+Bodo+Henkel+GmbH+-+Leverkusen/data=!4m7!3m6!1s0x47bf2c09c4cb2d8f:0xc78f98f10c463f99!8m2!3d51.0660903!4d7.0282548!16s%2Fg%2F1wh4d_d5!19sChIJjy3LxAksv0cRmT9GDPGYj8c?authuser=0&hl=de&rclk=1
122,Beko's Döner,51373,,4,74,1,1,1,1,1.33,3.96,Eine Bewertung aufgrund einer Beschwerde wegen Diffamierung entfernt.,https://www.google.com/maps/place/Beko%27s+D%C3%B6ner/data=!4m7!3m6!1s0x47bf2d86b1534aa5:0xf4db025ee443ef75!8m2!3d51.0650971!4d7.003566!16s%2Fg%2F11ycbxq6sb!19sChIJpUpTsYYtv0cRde9D5F4C2_Q?authuser=0&hl=de&rclk=1
123,Murat Türkan Barber Salon,51371,,4.9,66,1,1,1,1,1.49,4.842,Eine Bewertung aufgrund einer Beschwerde wegen Diffamierung entfernt.,https://www.google.com/maps/place/Murat+T%C3%BCrkan+Barber+Salon/data=!4m7!3m6!1s0x47bf2f545e3e7807:0xc9ba896b33dcf0ad!8m2!3d51.0321251!4d6.9874062!16s%2Fg%2F11xzhqct97!19sChIJB3g-XlQvv0cRrfDcM2uJusk?authuser=0&hl=de&rclk=1
124,Hotel in der Strassen,51381,,4.6,55,1,1,1,1,1.79,4.536,Eine Bewertung aufgrund einer Beschwerde wegen Diffamierung entfernt.,https://www.google.com/maps/place/Hotel+in+der+Strassen/data=!4m10!3m9!1s0x47b92aa86add641d:0x87a4a64b0551c53a!5m2!4m1!1i2!8m2!3d51.1376251!4d7.1548494!16s%2Fg%2F11g8bwppmw!19sChIJHWTdaqgquUcROsVRBUumpIc?authuser=0&hl=de&rclk=1
125,Salon Kikana Barbier,51375,,4.5,55,1,1,1,1,1.79,4.438,Eine Bewertung aufgrund einer Beschwerde wegen Diffamierung entfernt.,https://www.google.com/maps/place/Salon+Kikana+Barbier/data=!4m7!3m6!1s0x47bf296981d0f90b:0x49492dc9093bcf02!8m2!3d51.0354638!4d7.0513096!16s%2Fg%2F11cn30c9zf!19sChIJC_nQgWkpv0cRAs87CcktSUk?authuser=0&hl=de&rclk=1
126,Pizzeria La Notte,51371,,4.6,54,1,1,1,1,1.82,4.535,Eine Bewertung aufgrund einer Beschwerde wegen Diffamierung entfernt.,https://www.google.com/maps/place/Pizzeria+La+Notte/data=!4m7!3m6!1s0x47bf2d0602ee868b:0x4c60f08e8cf49f1d!8m2!3d51.0649734!4d6.9912831!16s%2Fg%2F11ty0mldzb!19sChIJi4buAgYtv0cRHZ_0jI7wYEw?authuser=0&hl=de&rclk=1
127,Praxis Dr. Klünsch & Partner - Standort Schlebusch,51375,,2.8,54,1,1,1,1,1.82,2.767,Eine Bewertung aufgrund einer Beschwerde wegen Diffamierung entfernt.,https://www.google.com/maps/place/Praxis+Dr.+Kl%C3%BCnsch+%26+Partner+-+Standort+Schlebusch/data=!4m7!3m6!1s0x47bf291634c36e97:0xe4ae9a0efd9cf694!8m2!3d51.0333438!4d7.0477195!16s%2Fg%2F11g6_6nz_j!19sChIJl27DNBYpv0cRlPac_Q6aruQ?authuser=0&hl=de&rclk=1
128,Die Perücke,51371,,4.6,36,1,1,1,1,2.7,4.503,Eine Bewertung aufgrund einer Beschwerde wegen Diffamierung entfernt.,https://www.google.com/maps/place/Die+Per%C3%BCcke/data=!4m7!3m6!1s0x47bf2eeb65d18023:0x3a826f5f1595cce7!8m2!3d51.0316351!4d6.9881592!16s%2Fg%2F1tgdmpxj!19sChIJI4DRZesuv0cR58yVFV9vgjo?authuser=0&hl=de&rclk=1
129,Aram Barbershop,51375,,4.9,30,1,1,1,1,3.23,4.774,Eine Bewertung aufgrund einer Beschwerde wegen Diffamierung entfernt.,https://www.google.com/maps/place/Aram+Barbershop/data=!4m7!3m6!1s0x47bf29003628904b:0x4ef739c16067151!8m2!3d51.0007407!4d7.0398212!16s%2Fg%2F11mm87jh4_!19sChIJS5AoNgApv0cRUXEGFpxz7wQ?authuser=0&hl=de&rclk=1
130,SSH Leverkusen | Kfz-Ingenieurbüro Schröter,51375,,4.8,29,1,1,1,1,3.33,4.673,Eine Bewertung aufgrund einer Beschwerde wegen Diffamierung entfernt.,https://www.google.com/maps/place/SSH+Leverkusen+%7C+Kfz-Ingenieurb%C3%BCro+Schr%C3%B6ter/data=!4m7!3m6!1s0x47bf296d47d914c7:0xf670320bdde49984!8m2!3d51.0297116!4d7.0453782!16s%2Fg%2F1vp6z9tv!19sChIJxxTZR20pv0cRhJnk3QsycPY?authuser=0&hl=de&rclk=1
131,Schwimmschule Aqua-Vital,51373,,3.5,25,1,1,1,1,3.85,3.404,Eine Bewertung aufgrund einer Beschwerde wegen Diffamierung entfernt.,https://www.google.com/maps/place/Schwimmschule+Aqua-Vital/data=!4m7!3m6!1s0x47bf2ebbc70a0ed3:0x6021faa09ad8d7ec!8m2!3d51.03901!4d7.004361!16s%2Fg%2F11cmhwqq96!19sChIJ0w4Kx7suv0cR7NfYmqD6IWA?authuser=0&hl=de&rclk=1
132,Donkeytec,51381,,5,22,1,1,1,1,4.35,4.826,Eine Bewertung aufgrund einer Beschwerde wegen Diffamierung entfernt.,https://www.google.com/maps/place/Donkeytec/data=!4m7!3m6!1s0x47bf2fc5e13f0973:0x7ea79fa0c0852b34!8m2!3d51.0478834!4d7.020029!16s%2Fg%2F11hj84tdlj!19sChIJcwk_4cUvv0cRNCuFwKCfp34?authuser=0&hl=de&rclk=1
133,Blisterzentrum Rheinland GmbH & Co. KG (Leverkusen),51381,,3.5,13,1,1,1,1,7.14,3.321,Eine Bewertung aufgrund einer Beschwerde wegen Diffamierung entfernt.,https://www.google.com/maps/place/Blisterzentrum+Rheinland+GmbH+%26+Co.+KG+%28Leverkusen%29/data=!4m7!3m6!1s0x47bf2ea84829c113:0x5fc98225ef0e0be8!8m2!3d51.0515561!4d7.0146318!16s%2Fg%2F11b6dg6r7z!19sChIJE8EpSKguv0cR6AsO7yWCyV8?authuser=0&hl=de&rclk=1
